{
    "PRODUCTO":"Product",
    "ACTUALIZACIONES":"Updates",
    "CONTACTO":"Contact",
    "UBICACION":"Location",
    "CORREO":"Mail",
    "CORREO2":"We'll never share your email with anyone else.",
    "ENLACES":"Links",
    "TELEFONO":"Phone",
    "FACEBOOK":"Facebook",
    "TWITTER":"Twitter",
    "COPYRIGHT":"Copyright",
    "MENSAJE":"Message",
    "ENVIAR":"Submit",
    "EJEMPLO":"name@gmail.com",
    "EJEMPLO2":"Write why you want to use our application, any possible improvement or any comment to review.",
    "PAG1TEXT1":"This app is designed to help driving schools teach their students in a different way. Thanks to the application, you can study from a more internal point of view.",
    "PAG1TEXT2.1":"Este escenario es el escenario 1",
    "PAG1TEXT2.2":"Este escenario es el escenario 2",
    "PAG1TEXT2.3":"Este escenario es el escenario 3"
}