{
    "PRODUCTO":"Producto",
    "ACTUALIZACIONES":"Actualizaciones",
    "CONTACTO":"Contacto",
    "UBICACION":"Ubicación",
    "ENLACES":"Enlaces",
    "CORREO":"Correo",
    "CORREO2":"No compartiremos su correo con nadie.",
    "TELEFONO":"Teléfono",
    "FACEBOOK":"Facebook",
    "TWITTER":"Twitter",
    "COPYRIGHT":"Copyright",
    "MENSAJE":"Mensaje",
    "ENVIAR":"Enviar",
    "EJEMPLO":"nombre@gmail.com",
    "EJEMPLO2":"Escriba el por qué desea utilizar nuestra aplicación, alguna posible mejora o algún comentario a revisar.",
    "PAG1TEXT1":"Esta aplicación está diseñada para ayudar a las autoescuelas a enseñar a sus alumnos de forma distinta. Gracias a la aplicación, se podrá estudiar desde un punto de vista más interno.",
    "PAG1TEXT2.1":"Este escenario es el escenario 1",
    "PAG1TEXT2.2":"Este escenario es el escenario 2",
    "PAG1TEXT2.3":"Este escenario es el escenario 3"
}